{"errors":[],"warnings":[],"namedChunkGroups":{"app":{"chunks":[10,2],"assets":["webpack-runtime-b3873f684fdadd1e396f.js","webpack-runtime-b3873f684fdadd1e396f.js.map","app.ddf3dcd5b649aa6ba354.css","app-88699162bcad495ee668.js","app.ddf3dcd5b649aa6ba354.css.map","app-88699162bcad495ee668.js.map"],"children":{},"childAssets":{}},"component---node-modules-gatsby-plugin-offline-app-shell-js":{"chunks":[3],"assets":["component---node-modules-gatsby-plugin-offline-app-shell-js-0da633af8e15fcec0dd1.js","component---node-modules-gatsby-plugin-offline-app-shell-js-0da633af8e15fcec0dd1.js.map"],"children":{},"childAssets":{}},"component---src-templates-blog-post-js":{"chunks":[0,1,4],"assets":["0.91a365c878d5630b2e29.css","0-91a9a90bc06d0053faf9.js","0.91a365c878d5630b2e29.css.map","0-91a9a90bc06d0053faf9.js.map","1.355645c3c5dded66b77f.css","1-752fe7627d85d93df9e4.js","1.355645c3c5dded66b77f.css.map","1-752fe7627d85d93df9e4.js.map","component---src-templates-blog-post-js-ecb4ca4d3e7494e222a3.js","component---src-templates-blog-post-js-ecb4ca4d3e7494e222a3.js.map"],"children":{},"childAssets":{}},"component---src-pages-index-js":{"chunks":[0,9,1,5],"assets":["0.91a365c878d5630b2e29.css","0-91a9a90bc06d0053faf9.js","0.91a365c878d5630b2e29.css.map","0-91a9a90bc06d0053faf9.js.map","9-3e13eab293d0e1b531b8.js","9-3e13eab293d0e1b531b8.js.map","1.355645c3c5dded66b77f.css","1-752fe7627d85d93df9e4.js","1.355645c3c5dded66b77f.css.map","1-752fe7627d85d93df9e4.js.map","component---src-pages-index-js-ab49e8d3acd284fb2294.js","component---src-pages-index-js-ab49e8d3acd284fb2294.js.map"],"children":{},"childAssets":{}},"component---src-pages-blog-js":{"chunks":[0,1,6],"assets":["0.91a365c878d5630b2e29.css","0-91a9a90bc06d0053faf9.js","0.91a365c878d5630b2e29.css.map","0-91a9a90bc06d0053faf9.js.map","1.355645c3c5dded66b77f.css","1-752fe7627d85d93df9e4.js","1.355645c3c5dded66b77f.css.map","1-752fe7627d85d93df9e4.js.map","component---src-pages-blog-js-138eda087cc724801e19.js","component---src-pages-blog-js-138eda087cc724801e19.js.map"],"children":{},"childAssets":{}},"component---src-pages-skills-js":{"chunks":[0,1,7],"assets":["0.91a365c878d5630b2e29.css","0-91a9a90bc06d0053faf9.js","0.91a365c878d5630b2e29.css.map","0-91a9a90bc06d0053faf9.js.map","1.355645c3c5dded66b77f.css","1-752fe7627d85d93df9e4.js","1.355645c3c5dded66b77f.css.map","1-752fe7627d85d93df9e4.js.map","component---src-pages-skills-js-34292d126ebd068159a6.js","component---src-pages-skills-js-34292d126ebd068159a6.js.map"],"children":{},"childAssets":{}}},"assetsByChunkName":{"app":["webpack-runtime-b3873f684fdadd1e396f.js","app.ddf3dcd5b649aa6ba354.css","app-88699162bcad495ee668.js"],"component---node-modules-gatsby-plugin-offline-app-shell-js":["component---node-modules-gatsby-plugin-offline-app-shell-js-0da633af8e15fcec0dd1.js"],"component---src-templates-blog-post-js":["0.91a365c878d5630b2e29.css","0-91a9a90bc06d0053faf9.js","1.355645c3c5dded66b77f.css","1-752fe7627d85d93df9e4.js","component---src-templates-blog-post-js-ecb4ca4d3e7494e222a3.js"],"component---src-pages-index-js":["0.91a365c878d5630b2e29.css","0-91a9a90bc06d0053faf9.js","9-3e13eab293d0e1b531b8.js","1.355645c3c5dded66b77f.css","1-752fe7627d85d93df9e4.js","component---src-pages-index-js-ab49e8d3acd284fb2294.js"],"component---src-pages-blog-js":["0.91a365c878d5630b2e29.css","0-91a9a90bc06d0053faf9.js","1.355645c3c5dded66b77f.css","1-752fe7627d85d93df9e4.js","component---src-pages-blog-js-138eda087cc724801e19.js"],"component---src-pages-skills-js":["0.91a365c878d5630b2e29.css","0-91a9a90bc06d0053faf9.js","1.355645c3c5dded66b77f.css","1-752fe7627d85d93df9e4.js","component---src-pages-skills-js-34292d126ebd068159a6.js"]}}